Frequency,Amplitude
13.266666666666666,5.208490714726887
15.466666666666667,5.6537302347760034
